{
    "status": "0",
    "msg": "",
    "result": {
        "count": 8,
        "list": [
            {
                "_id": "58e7053298dab115d336b3f7",
                "productId": "201710012",
                "productName": "Ear1100",
                "salePrice": 1100,
                "productImage": "12.jpg",
                "productUrl": ""
            },
            {
                "_id": "58e7055198dab115d336b3fa",
                "productId": "201710015",
                "productName": "Ear1200",
                "salePrice": 1200,
                "productImage": "15.jpg",
                "productUrl": ""
            },
            {
                "_id": "58e7054798dab115d336b3f9",
                "productId": "201710014",
                "productName": "Ear1600",
                "salePrice": 1600,
                "productImage": "14.jpg",
                "productUrl": ""
            },
            {
                "_id": "58c284b13a1bb9aa7033801b",
                "productId": "201710003",
                "productName": "平衡车",
                "salePrice": 1999,
                "productImage": "pingheng.jpg",
                "productUrl": ""
            },
            {
                "_id": "58e7050c98dab115d336b3f3",
                "productId": "201710008",
                "productName": "小米净水器",
                "salePrice": 1999,
                "productImage": "8.jpg",
                "productUrl": ""
            },
            {
                "_id": "58e7053c98dab115d336b3f8",
                "productId": "201710013",
                "productName": "Ear2000",
                "salePrice": 2000,
                "productImage": "13.jpg",
                "productUrl": ""
            },
            {
                "_id": "58e7052198dab115d336b3f5",
                "productId": "201710010",
                "productName": "小米电视4A",
                "salePrice": 2099,
                "productImage": "10.jpg",
                "productUrl": ""
            },
            {
                "_id": "58c284f4117a2e6599abef60",
                "productId": "201710006",
                "productName": "小米6",
                "salePrice": 2499,
                "productImage": "mi6.jpg",
                "productUrl": ""
            }
        ]
    }
}