[
    {
        "id":1,
        "img":"a_03.jpg",
        "txt":"Beats EP头戴式耳机",
        "price":558,
        "pon":1872,
        "num":1
    },
    {
        "id":2,
        "img":"a_09.jpg",
        "txt":"雀巢 (Nestle) 高钙承成人奶粉",
        "price":60,
        "pon":2374,
        "num":1
    },
    {
        "id":3,
        "img":"a_12.jpg",
        "txt":"煎炒烹炸一锅多用",
        "price":216,
        "pon":351,
        "num":1
    },
    {
        "id":4,
        "img":"a_15.jpg",
        "txt":"ANNE KLELN 潮流经典美式轻奢",
        "price":585,
        "pon":8191,
        "num":1
    },
    {
        "id":5,
        "img":"a_17.jpg",
        "txt":"乐高EV3机器人积木玩具",
        "price":3099,
        "pon":165,
        "num":1
    }
]